{"chunk_definitions":[{"row":23,"row_count":1,"visible":true,"expansion_state":0,"options":{"engine":"r","label":"setup","include":false},"document_id":"08D477B0","chunk_id":"csetup_chunk","chunk_label":"setup"},{"row":89,"row_count":1,"visible":true,"expansion_state":0,"options":{"engine":"r","label":"unnamed-chunk-34"},"document_id":"08D477B0","chunk_id":"cfuwi4di1m3il","chunk_label":"unnamed-chunk-1"},{"row":95,"row_count":1,"visible":true,"expansion_state":0,"options":{"engine":"r","label":"unnamed-chunk-35"},"document_id":"08D477B0","chunk_id":"cm51y9v49e66l","chunk_label":"unnamed-chunk-2"},{"row":101,"row_count":1,"visible":true,"expansion_state":0,"options":{"engine":"r","label":"unnamed-chunk-36"},"document_id":"08D477B0","chunk_id":"c49qj4n1mrorm","chunk_label":"unnamed-chunk-3"},{"row":119,"row_count":1,"visible":true,"expansion_state":0,"options":{"engine":"r","label":"unnamed-chunk-37"},"document_id":"08D477B0","chunk_id":"ccy67jior44ki","chunk_label":"unnamed-chunk-4"},{"row":124,"row_count":1,"visible":true,"expansion_state":0,"options":{"engine":"r","label":"unnamed-chunk-38"},"document_id":"08D477B0","chunk_id":"c58yf9pgn7jm9","chunk_label":"unnamed-chunk-5"},{"row":133,"row_count":1,"visible":true,"expansion_state":0,"options":{"engine":"r","label":"unnamed-chunk-39"},"document_id":"08D477B0","chunk_id":"c4yq487x39vrd","chunk_label":"unnamed-chunk-6"},{"row":141,"row_count":1,"visible":true,"expansion_state":0,"options":{"engine":"r","label":"unnamed-chunk-40"},"document_id":"08D477B0","chunk_id":"c2fc2406a8gt5","chunk_label":"unnamed-chunk-7"},{"row":156,"row_count":1,"visible":true,"expansion_state":0,"options":{"engine":"r","label":"unnamed-chunk-41"},"document_id":"08D477B0","chunk_id":"cuucptwqrg4no","chunk_label":"unnamed-chunk-8"},{"row":169,"row_count":1,"visible":true,"expansion_state":0,"options":{"engine":"r","label":"unnamed-chunk-42"},"document_id":"08D477B0","chunk_id":"csy5lef1gf7cw","chunk_label":"unnamed-chunk-9"},{"row":181,"row_count":1,"visible":true,"expansion_state":0,"options":{"engine":"r","label":"unnamed-chunk-43"},"document_id":"08D477B0","chunk_id":"cl2q57zmmbsk7","chunk_label":"unnamed-chunk-10"},{"row":188,"row_count":1,"visible":true,"expansion_state":0,"options":{"engine":"r","label":"unnamed-chunk-44"},"document_id":"08D477B0","chunk_id":"cjf95zmpxxiyl","chunk_label":"unnamed-chunk-11"},{"row":197,"row_count":1,"visible":true,"expansion_state":0,"options":{"engine":"r","label":"unnamed-chunk-45"},"document_id":"08D477B0","chunk_id":"ctp6so4imko90","chunk_label":"unnamed-chunk-12"},{"row":212,"row_count":1,"visible":true,"expansion_state":0,"options":{"engine":"r","label":"unnamed-chunk-46"},"document_id":"08D477B0","chunk_id":"ccbtlp16aigpv","chunk_label":"unnamed-chunk-13"},{"row":253,"row_count":1,"visible":true,"expansion_state":0,"options":{"engine":"r","fig.width":5,"label":"unnamed-chunk-47"},"document_id":"08D477B0","chunk_id":"cdxgp4nmw6dnb","chunk_label":"unnamed-chunk-14"},{"row":365,"row_count":1,"visible":true,"expansion_state":0,"options":{"engine":"r","label":"unnamed-chunk-101"},"document_id":"08D477B0","chunk_id":"cckcbe3s6k2ni","chunk_label":"unnamed-chunk-15"},{"row":369,"row_count":1,"visible":true,"expansion_state":0,"options":{"engine":"r","label":"unnamed-chunk-102"},"document_id":"08D477B0","chunk_id":"cgrvy0atv5i7p","chunk_label":"unnamed-chunk-16"},{"row":373,"row_count":1,"visible":true,"expansion_state":0,"options":{"engine":"r","label":"unnamed-chunk-103"},"document_id":"08D477B0","chunk_id":"cr75m5futtu8q","chunk_label":"unnamed-chunk-17"},{"row":377,"row_count":1,"visible":true,"expansion_state":0,"options":{"engine":"r","label":"unnamed-chunk-104"},"document_id":"08D477B0","chunk_id":"c2jaoz6mg17i1","chunk_label":"unnamed-chunk-18"},{"row":381,"row_count":1,"visible":true,"expansion_state":0,"options":{"engine":"r","label":"unnamed-chunk-105"},"document_id":"08D477B0","chunk_id":"czzj4fas038x5","chunk_label":"unnamed-chunk-19"},{"row":385,"row_count":1,"visible":true,"expansion_state":0,"options":{"engine":"r","label":"unnamed-chunk-108"},"document_id":"08D477B0","chunk_id":"c12gp3fum2rmq","chunk_label":"unnamed-chunk-20"}],"doc_write_time":1713053024,"working_dir":null,"default_chunk_options":{"echo":true,"warning":false,"message":false,"fig.width":6.0,"fig.height":5.0,"fig.align":"center"},"chunk_rendered_width":588}