"0","base_tp2$occupation ="
"0","  dplyr::recode_factor(base_tp2$occupation,"
"0","                     '1'=""Agriculture, Elevage, Sylvicuture, Peche"", "
"0","                     '2'=""Activites extractives"", "
"0","                     '3'=""Activites de fabrications (Artisanat)"", "
"0","                     '4'=""Activite de transformation"", "
"0","                     '5'=""Production et distribution d'electricite\"
"0","                     et de gaz"", "
"0","                     '6'=""Production et distribution d'eau, assainissement,\"
"0","                     traitement des dechets et depollution"")"
