{"chunk_definitions":[{"row":19,"row_count":1,"visible":true,"expansion_state":0,"options":{"engine":"r","label":"setup","include":false},"document_id":"08D477B0","chunk_id":"csetup_chunk","chunk_label":"setup"},{"row":50,"row_count":1,"visible":true,"expansion_state":0,"options":{"engine":"r","label":"unnamed-chunk-76"},"document_id":"08D477B0","chunk_id":"csdfll8hg5mla","chunk_label":"unnamed-chunk-1"},{"row":54,"row_count":1,"visible":true,"expansion_state":0,"options":{"engine":"r","label":"unnamed-chunk-77"},"document_id":"08D477B0","chunk_id":"cbyna9b88ty4x","chunk_label":"unnamed-chunk-2"},{"row":58,"row_count":1,"visible":true,"expansion_state":0,"options":{"engine":"r","label":"unnamed-chunk-78"},"document_id":"08D477B0","chunk_id":"csqnjbv3lce59","chunk_label":"unnamed-chunk-3"},{"row":74,"row_count":1,"visible":true,"expansion_state":0,"options":{"engine":"r","label":"unnamed-chunk-79"},"document_id":"08D477B0","chunk_id":"ccdgx5h016u4q","chunk_label":"unnamed-chunk-4"},{"row":79,"row_count":1,"visible":true,"expansion_state":0,"options":{"engine":"r","label":"unnamed-chunk-80"},"document_id":"08D477B0","chunk_id":"cpcnyl5e2po1p","chunk_label":"unnamed-chunk-5"},{"row":88,"row_count":1,"visible":true,"expansion_state":0,"options":{"engine":"r","label":"unnamed-chunk-81"},"document_id":"08D477B0","chunk_id":"c7km71geonxwb","chunk_label":"unnamed-chunk-6"},{"row":96,"row_count":1,"visible":true,"expansion_state":0,"options":{"engine":"r","label":"unnamed-chunk-82"},"document_id":"08D477B0","chunk_id":"c99ux1vbp892l","chunk_label":"unnamed-chunk-7"},{"row":111,"row_count":1,"visible":true,"expansion_state":0,"options":{"engine":"r","label":"unnamed-chunk-83"},"document_id":"08D477B0","chunk_id":"ckl57h7zk3zi8","chunk_label":"unnamed-chunk-8"},{"row":122,"row_count":1,"visible":true,"expansion_state":0,"options":{"engine":"r","label":"unnamed-chunk-84"},"document_id":"08D477B0","chunk_id":"cckk49er8laf8","chunk_label":"unnamed-chunk-9"},{"row":134,"row_count":1,"visible":true,"expansion_state":0,"options":{"engine":"r","label":"unnamed-chunk-85"},"document_id":"08D477B0","chunk_id":"cv9h5y5zbdaqp","chunk_label":"unnamed-chunk-10"},{"row":141,"row_count":1,"visible":true,"expansion_state":0,"options":{"engine":"r","label":"unnamed-chunk-86"},"document_id":"08D477B0","chunk_id":"cb16uxnkajv0o","chunk_label":"unnamed-chunk-11"},{"row":150,"row_count":1,"visible":true,"expansion_state":0,"options":{"engine":"r","label":"unnamed-chunk-87"},"document_id":"08D477B0","chunk_id":"cr4geujbaryze","chunk_label":"unnamed-chunk-12"},{"row":169,"row_count":1,"visible":true,"expansion_state":0,"options":{"engine":"r","label":"unnamed-chunk-89"},"document_id":"08D477B0","chunk_id":"c33xx9q33a9wr","chunk_label":"unnamed-chunk-13"},{"row":175,"row_count":1,"visible":true,"expansion_state":0,"options":{"engine":"r","label":"unnamed-chunk-75"},"document_id":"08D477B0","chunk_id":"ch1gzctw9sj8n","chunk_label":"unnamed-chunk-14"},{"row":213,"row_count":1,"visible":true,"expansion_state":0,"options":{"engine":"r","fig.width":5,"label":"unnamed-chunk-56"},"document_id":"08D477B0","chunk_id":"c0zcckx0mlcdp","chunk_label":"unnamed-chunk-15"}],"doc_write_time":1712957934,"working_dir":null,"default_chunk_options":{"echo":true,"warning":false,"message":false,"fig.width":7.0,"fig.height":6.0,"fig.align":"center"}}