{"chunk_definitions":[{"row":38,"row_count":1,"visible":true,"expansion_state":0,"options":[],"document_id":null,"chunk_id":"cnwk9i7h5sapy","chunk_label":""},{"row":120,"row_count":1,"visible":true,"expansion_state":0,"options":[],"document_id":null,"chunk_id":"c4g5jz3w4jwvu","chunk_label":""},{"row":126,"row_count":1,"visible":true,"expansion_state":0,"options":[],"document_id":null,"chunk_id":"clzuj60bnqinu","chunk_label":""},{"row":136,"row_count":1,"visible":true,"expansion_state":0,"options":[],"document_id":null,"chunk_id":"cyzhoznosaqkq","chunk_label":""},{"row":141,"row_count":1,"visible":true,"expansion_state":0,"options":[],"document_id":null,"chunk_id":"c9h9jyz5jevp4","chunk_label":""},{"row":146,"row_count":1,"visible":true,"expansion_state":0,"options":[],"document_id":null,"chunk_id":"c6omcgu1s3a5b","chunk_label":""},{"row":153,"row_count":1,"visible":true,"expansion_state":0,"options":[],"document_id":null,"chunk_id":"ckktajidgg5d2","chunk_label":""},{"row":162,"row_count":1,"visible":true,"expansion_state":0,"options":[],"document_id":null,"chunk_id":"cqrrycvm07jo2","chunk_label":"unnamed-chunk-7"},{"row":172,"row_count":1,"visible":true,"expansion_state":0,"options":[],"document_id":null,"chunk_id":"csuurig8o343j","chunk_label":"unnamed-chunk-8"},{"row":178,"row_count":1,"visible":true,"expansion_state":0,"options":[],"document_id":null,"chunk_id":"ciuj9qh79f866","chunk_label":""},{"row":182,"row_count":1,"visible":true,"expansion_state":0,"options":[],"document_id":null,"chunk_id":"cto23vpw752jq","chunk_label":""},{"row":187,"row_count":1,"visible":true,"expansion_state":0,"options":[],"document_id":null,"chunk_id":"cf6fdtz0rqbsc","chunk_label":""},{"row":199,"row_count":1,"visible":true,"expansion_state":0,"options":[],"document_id":null,"chunk_id":"cyjpdhwjci5ug","chunk_label":"unnamed-chunk-12"},{"row":204,"row_count":1,"visible":true,"expansion_state":0,"options":[],"document_id":null,"chunk_id":"c0jo4mtagrswr","chunk_label":"unnamed-chunk-12"},{"row":211,"row_count":1,"visible":true,"expansion_state":0,"options":[],"document_id":null,"chunk_id":"cibgs7oxos11v","chunk_label":""},{"row":216,"row_count":1,"visible":true,"expansion_state":0,"options":[],"document_id":null,"chunk_id":"cejjpgcyjphil","chunk_label":"unnamed-chunk-14"},{"row":220,"row_count":1,"visible":true,"expansion_state":0,"options":[],"document_id":null,"chunk_id":"cvsppkoce8pf0","chunk_label":"unnamed-chunk-15"},{"row":224,"row_count":1,"visible":true,"expansion_state":0,"options":[],"document_id":null,"chunk_id":"cd85uprcr3q9h","chunk_label":"unnamed-chunk-16"},{"row":229,"row_count":1,"visible":true,"expansion_state":0,"options":[],"document_id":null,"chunk_id":"cz418h7eqmogx","chunk_label":"unnamed-chunk-17"},{"row":294,"row_count":1,"visible":true,"expansion_state":0,"options":[],"document_id":null,"chunk_id":"coabedsixowul","chunk_label":""},{"row":302,"row_count":1,"visible":true,"expansion_state":0,"options":[],"document_id":null,"chunk_id":"c43ck9bl4rxca","chunk_label":"unnamed-chunk-20"},{"row":307,"row_count":1,"visible":true,"expansion_state":0,"options":[],"document_id":null,"chunk_id":"cdftz3gslszup","chunk_label":"unnamed-chunk-20"},{"row":320,"row_count":1,"visible":true,"expansion_state":0,"options":[],"document_id":null,"chunk_id":"cs8lnkf17k4js","chunk_label":"unnamed-chunk-22"},{"row":340,"row_count":1,"visible":true,"expansion_state":0,"options":[],"document_id":null,"chunk_id":"c7u0i14x90fya","chunk_label":"unnamed-chunk-23"},{"row":352,"row_count":1,"visible":true,"expansion_state":0,"options":[],"document_id":null,"chunk_id":"coim3cz0cpaj8","chunk_label":""},{"row":365,"row_count":1,"visible":true,"expansion_state":0,"options":[],"document_id":null,"chunk_id":"cs9tbri4m8i8t","chunk_label":"unnamed-chunk-25"},{"row":384,"row_count":1,"visible":true,"expansion_state":0,"options":[],"document_id":null,"chunk_id":"cgnrraeephvlb","chunk_label":"unnamed-chunk-26"},{"row":404,"row_count":1,"visible":true,"expansion_state":0,"options":[],"document_id":null,"chunk_id":"ce4svi8mhk9n6","chunk_label":"unnamed-chunk-27"},{"row":445,"row_count":1,"visible":true,"expansion_state":0,"options":[],"document_id":null,"chunk_id":"cft2gqr0262a0","chunk_label":"unnamed-chunk-28"},{"row":461,"row_count":1,"visible":true,"expansion_state":0,"options":[],"document_id":null,"chunk_id":"cjvsq10ifjvn0","chunk_label":"unnamed-chunk-29"},{"row":480,"row_count":1,"visible":true,"expansion_state":0,"options":[],"document_id":null,"chunk_id":"c5cadr1l45u4f","chunk_label":"unnamed-chunk-31"},{"row":494,"row_count":1,"visible":true,"expansion_state":0,"options":[],"document_id":null,"chunk_id":"c1g6o4qqk85wb","chunk_label":"unnamed-chunk-32"}],"doc_write_time":1677683886}