{"chunk_definitions":[{"chunk_id":"czcrpvoo8buu9","expansion_state":0,"options":[],"row":52,"row_count":1,"visible":true},{"chunk_id":"cudrcka3xdtmu","expansion_state":0,"options":[],"row":156,"row_count":1,"visible":true},{"chunk_id":"cl1t7bvghvg6d","expansion_state":0,"options":[],"row":237,"row_count":1,"visible":true},{"chunk_id":"cqk7ohtau7ckq","expansion_state":0,"options":[],"row":245,"row_count":1,"visible":true},{"chunk_id":"ca55fc3ooz19b","expansion_state":0,"options":[],"row":250,"row_count":1,"visible":true},{"chunk_id":"ct8j337z6xuk5","expansion_state":0,"options":[],"row":265,"row_count":1,"visible":true},{"chunk_id":"c49w1crf5vh89","expansion_state":0,"options":[],"row":290,"row_count":1,"visible":true},{"chunk_id":"c07gjuwevkk62","expansion_state":0,"options":[],"row":302,"row_count":1,"visible":true},{"chunk_id":"cye0yhijxnr4w","expansion_state":0,"options":[],"row":315,"row_count":1,"visible":true},{"chunk_id":"ccyl7b6bveu9r","expansion_state":0,"options":[],"row":341,"row_count":1,"visible":true},{"chunk_id":"c40kz6wvbynhl","expansion_state":0,"options":[],"row":368,"row_count":1,"visible":true},{"chunk_id":"c82ntlg1lawxg","expansion_state":0,"options":[],"row":411,"row_count":1,"visible":true},{"chunk_id":"cuwuef6gct1w4","expansion_state":0,"options":[],"row":429,"row_count":1,"visible":true},{"chunk_id":"c0z89sc1th81m","expansion_state":0,"options":[],"row":448,"row_count":1,"visible":true},{"chunk_id":"czs6pie7sm5td","expansion_state":0,"options":[],"row":463,"row_count":1,"visible":true}],"doc_write_time":1676926727.87805,"chunk_rendered_width":673}